[
    {"name": "India", "code": "IN"},
    {"name": "United States", "code": "US"},
    {"name": "Canada", "code": "CA"},
    {"name": "Mexico", "code": "MX"},
    {"name": "United Kingdom", "code": "GB"},
    {"name": "Germany", "code": "DE"},
    {"name": "France", "code": "FR"},
    {"name": "Australia", "code": "AU"},
    {"name": "Japan", "code": "JP"},
    {"name": "China", "code": "CN"},
    {"name": "Russia", "code": "RU"},
    {"name": "Brazil", "code": "BR"},
    {"name": "South Africa", "code": "ZA"},
    {"name": "Italy", "code": "IT"},
    {"name": "Spain", "code": "ES"},
    {"name": "Argentina", "code": "AR"},
    {"name": "Saudi Arabia", "code": "SA"},
    {"name": "Turkey", "code": "TR"},
    {"name": "South Korea", "code": "KR"},
    {"name": "Netherlands", "code": "NL"},
    {"name": "Sweden", "code": "SE"},
    {"name": "Switzerland", "code": "CH"},
    {"name": "Norway", "code": "NO"},
    {"name": "Finland", "code": "FI"},
    {"name": "Denmark", "code": "DK"},
    {"name": "Poland", "code": "PL"},
    {"name": "Austria", "code": "AT"},
    {"name": "Belgium", "code": "BE"},
    {"name": "Portugal", "code": "PT"},
    {"name": "Ireland", "code": "IE"},
    {"name": "Greece", "code": "GR"},
    {"name": "Hungary", "code": "HU"},
    {"name": "Czech Republic", "code": "CZ"},
    {"name": "Romania", "code": "RO"},
    {"name": "New Zealand", "code": "NZ"},
    {"name": "Thailand", "code": "TH"},
    {"name": "Malaysia", "code": "MY"},
    {"name": "Singapore", "code": "SG"},
    {"name": "Indonesia", "code": "ID"},
    {"name": "Vietnam", "code": "VN"},
    {"name": "Philippines", "code": "PH"},
    {"name": "Pakistan", "code": "PK"},
    {"name": "Bangladesh", "code": "BD"},
    {"name": "Sri Lanka", "code": "LK"},
    {"name": "Nepal", "code": "NP"},
    {"name": "Iran", "code": "IR"},
    {"name": "Iraq", "code": "IQ"},
    {"name": "Israel", "code": "IL"},
    {"name": "Egypt", "code": "EG"},
    {"name": "Nigeria", "code": "NG"},
    {"name": "Kenya", "code": "KE"},
    {"name": "Uganda", "code": "UG"},
    {"name": "Tanzania", "code": "TZ"},
    {"name": "Ethiopia", "code": "ET"},
    {"name": "Ghana", "code": "GH"},
    {"name": "Ivory Coast", "code": "CI"},
    {"name": "Senegal", "code": "SN"},
    {"name": "Morocco", "code": "MA"},
    {"name": "Algeria", "code": "DZ"},
    {"name": "Tunisia", "code": "TN"},
    {"name": "Libya", "code": "LY"},
    {"name": "Sudan", "code": "SD"},
    {"name": "Yemen", "code": "YE"},
    {"name": "Jordan", "code": "JO"},
    {"name": "Lebanon", "code": "LB"},
    {"name": "United Arab Emirates", "code": "AE"},
    {"name": "Qatar", "code": "QA"},
    {"name": "Kuwait", "code": "KW"},
    {"name": "Bahrain", "code": "BH"},
    {"name": "Oman", "code": "OM"},
    {"name": "Peru", "code": "PE"},
    {"name": "Chile", "code": "CL"},
    {"name": "Colombia", "code": "CO"},
    {"name": "Venezuela", "code": "VE"},
    {"name": "Bolivia", "code": "BO"},
    {"name": "Uruguay", "code": "UY"},
    {"name": "Paraguay", "code": "PY"},
    {"name": "Ecuador", "code": "EC"},
    {"name": "Guatemala", "code": "GT"},
    {"name": "Honduras", "code": "HN"},
    {"name": "El Salvador", "code": "SV"},
    {"name": "Nicaragua", "code": "NI"},
    {"name": "Costa Rica", "code": "CR"},
    {"name": "Panama", "code": "PA"},
    {"name": "Cuba", "code": "CU"},
    {"name": "Dominican Republic", "code": "DO"},
    {"name": "Haiti", "code": "HT"},
    {"name": "Jamaica", "code": "JM"},
    {"name": "Trinidad and Tobago", "code": "TT"},
    {"name": "Bahamas", "code": "BS"},
    {"name": "Barbados", "code": "BB"},
    {"name": "St. Kitts and Nevis", "code": "KN"},
    {"name": "Antigua and Barbuda", "code": "AG"},
    {"name": "St. Lucia", "code": "LC"},
    {"name": "St. Vincent and the Grenadines", "code": "VC"},
    {"name": "Grenada", "code": "GD"},
    {"name": "Belize", "code": "BZ"},
    {"name": "Guyana", "code": "GY"},
    {"name": "Suriname", "code": "SR"},
    {"name": "Iceland", "code": "IS"},
    {"name": "Luxembourg", "code": "LU"},
    {"name": "Monaco", "code": "MC"},
    {"name": "Liechtenstein", "code": "LI"},
    {"name": "Andorra", "code": "AD"},
    {"name": "San Marino", "code": "SM"},
    {"name": "Vatican City", "code": "VA"},
    {"name": "Malta", "code": "MT"},
    {"name": "Cyprus", "code": "CY"},
    {"name": "Armenia", "code": "AM"},
    {"name": "Georgia", "code": "GE"},
    {"name": "Azerbaijan", "code": "AZ"},
    {"name": "Kazakhstan", "code": "KZ"}
]
